model,quality_per_dollar,cost_usd,task_score
Llama 3 8B,44272.540443,2.2e-05,0.736282
GPT-4o-mini,10007.513923,0.000152,0.813043
Claude Haiku,3904.314792,0.000374,0.813345
Gemini 2.0 Flash,3073.765208,0.000319,0.786378
GPT-4o,594.908045,0.002512,0.816003
Claude Sonnet 4.6,313.618092,0.004661,0.809175
